Year,d15N
1980.0,1.84876035937705
1980.0,1.3244272665961299
1980.0,0.0967662487045832
1980.0,2.19520794785245
1980.0,2.4797580561746297
1980.0,2.6834759456394397
1980.0,1.70649571386605
1980.0,3.3302869731209
1980.0,-0.578973599780145
1980.0,3.0224773370091405
1980.0,2.6058037993205203
1980.0,2.5408037993205204
1980.0,2.41592540647206
1980.0,-2.61284070337641
1980.0,-0.253006284514809
1980.0,3.39473748852441
1980.0,5.08078902665929
1980.0,0.24199931010213396
1980.0,-2.84126848087889
1981.0,1.32876035937705
1981.0,-0.791809564444431
1981.0,3.74876624870458
1981.0,3.34709271101596
1981.0,-0.836676815311071
1981.0,-4.54243853642686
1981.0,4.05976680568271
1981.0,3.56916116464777
1981.0,-0.0190647247061763
1981.0,2.49278757011425
1981.0,-2.8476287154252304
1981.0,2.68190717637213
1982.0,1.6587603593770501
1982.0,10.881575413701801
1982.0,2.53916116464777
1982.0,2.72764669379674
1982.0,1.3897389266463798
1982.0,-0.533823148217161
1982.0,7.68625810189441
1982.0,2.35334410712546
1983.0,1.2487603593770502
1983.0,1.97832295770044
1983.0,-2.30573070895746
1983.0,18.9270015342382
1983.0,2.7534204558429303
1983.0,-1.4491507143692
1983.0,-1.67195071360606
1983.0,-0.8736010520474631
1983.0,5.9939567500690405
1983.0,-1.6740617252490602
1983.0,1.0127668787903699
1983.0,-0.00435728412982419
1983.0,-2.51658074135018
1983.0,1.38593827475094
1983.0,1.41110924207106
1983.0,0.6815983629514081
1983.0,-3.3609148566466405
1983.0,0.6026629338983709
1983.0,-2.02971831803439
1984.0,1.03876035937705
1984.0,6.14382348120354
1984.0,0.40209498814567
1984.0,-5.67975433823551
1984.0,-1.8610174969264701
1984.0,-1.2936274897383
1984.0,-3.2884141451785602
1984.0,-5.26285961887457
1984.0,0.0991611646477715
1984.0,-4.18083883535223
1984.0,2.23195525117221
1984.0,-0.349655104882311
1984.0,-1.38706787649905
1984.0,3.66732977466045
1984.0,4.1155330409365805
1984.0,-1.3752414077587802
1985.0,-1.8560202407061699
1985.0,0.5627338334290289
1985.0,1.83949600689486
1985.0,-0.769274343475278
1985.0,1.7382632957092101
1985.0,1.4969366551950902
1985.0,3.1443870197251296
1985.0,-1.9063672946909198
1985.0,-2.07547450173486
1985.0,-2.77498613667193
1985.0,4.30456674513107
1985.0,-3.48517056969718
1985.0,2.2007752771843396
1985.0,0.6265254693962371
1985.0,4.9932139351746
1985.0,-4.11321184543202
1985.0,0.5387603593770479
1985.0,-1.5246931542732298
1985.0,5.630243647480941
1985.0,-1.76094420951419
1985.0,-0.0186491947222316
1985.0,1.7472241869892702
1985.0,-0.9825148324403359
1985.0,-2.4366580046564104
1985.0,4.98930349315227
1985.0,-0.8641820362109249
1985.0,0.632766878790366
1985.0,-1.62271734599473
1985.0,-2.1355665266513704
1985.0,4.794068014467469
1985.0,1.1711373761544
1985.0,-0.5888626238456021
1985.0,2.8352014948409803
1985.0,-1.3658613497947902
1985.0,3.56033824589238
1986.0,0.448760359377049
1986.0,2.33876624870458
1986.0,-0.483324239356935
1986.0,6.633323184688929
1986.0,0.00667965979906761
1986.0,2.0725252397552203
1986.0,5.07232507862467
1986.0,0.9071740848955061
1986.0,-0.758571740369863
1986.0,-2.17446468778812
1986.0,1.01431233895364
1986.0,5.24618015168804
1986.0,3.0152819089541
1987.0,0.5387603593770479
1987.0,-5.221305755873231
1987.0,1.83901507129496
1987.0,-1.21003847832379
1987.0,-6.038615772385861
1987.0,-6.34927761495593
1987.0,-0.581635291699088
1987.0,-2.82723312120963
1987.0,-1.13943646442757
1987.0,0.36854956204199896
1987.0,-0.481327390019235
1987.0,-0.164904684081308
1987.0,-2.61357174036986
1987.0,-2.11490468408131
1987.0,-1.48186121909538
1987.0,0.629572967630707
1987.0,-0.250773444490141
1987.0,0.25431233895363603
1987.0,0.518081790840796
1988.0,-1.1429840574276102
1988.0,0.738760359377048
1988.0,-4.75332034020093
1988.0,8.459213390218709
1988.0,-0.740233194317292
1988.0,6.541544121974361
1988.0,-0.244897597900844
1988.0,1.71087783186993
1988.0,-0.601319622989986
1988.0,0.9636089176896279
1988.0,1.99950757182423
1988.0,-0.7615570553838571
1988.0,-4.7872331212096295
1988.0,-2.0063922710386204
1988.0,0.521172609980765
1988.0,-0.9567941041857131
1988.0,0.316928191032833
1988.0,2.14916116464777
1988.0,-1.14235330620326
1988.0,0.5114450402150279
1988.0,-3.3547447897210803
1988.0,0.742561057093042
1988.0,1.32881349040371
1988.0,0.583601555509859
1988.0,-1.5624345009027298
1988.0,1.94483530364469
1988.0,2.5855528606300098
1988.0,2.50007837364283
1988.0,5.05363774777613
1988.0,-0.7906612418757031
1989.0,4.89822373469125
1989.0,3.68455610185646
1989.0,1.5960672633129298
1989.0,2.5117132692696402
1989.0,4.40121871172074
1989.0,5.80098343613812
1989.0,4.34715202224752
1989.0,-0.606974012421899
1989.0,4.21460882706995
1989.0,1.05876035937705
1989.0,-0.123633539312592
1989.0,-1.11246223507143
1989.0,6.60570366333676
1989.0,-1.67006658703352
1989.0,-0.0172331212096342
1989.0,-3.01899925749297
1989.0,4.42699371548519
1989.0,-3.94490468408131
1989.0,-1.53583883535223
1989.0,-0.279341343428013
1989.0,3.66290134504723
1989.0,2.7274349907356803
1989.0,0.9726434199079581
1989.0,1.58670294618695
1989.0,4.902519297649411
1990.0,-0.50302204261786
1990.0,0.326842113016328
1990.0,0.380689045686697
1990.0,0.990553201320885
1990.0,1.1387603593770501
1990.0,0.357790032306242
1990.0,0.3742692910425421
1990.0,4.81636646068741
1990.0,1.30363166218573
1990.0,-0.436368337814269
1990.0,2.73901507129496
1990.0,2.08221149647723
1990.0,2.02988183411102
1990.0,-1.78552986710152
1990.0,0.397342750490288
1990.0,-1.97225750196942
1990.0,-0.9475778459509451
1990.0,-3.758797858223
1990.0,-6.91300219238583
1990.0,-0.610599161722396
1990.0,-1.0847180910459
1991.0,-0.5663883212818871
1991.0,-5.25556984705526
1991.0,0.870093387081267
1991.0,-0.20801152657726002
1991.0,2.71292029613453
1991.0,2.20547114205249
1991.0,0.310803799320521
1991.0,3.1234929879451903
1991.0,-1.18097736888253
1991.0,2.20020243457601
1991.0,1.6422345420916102
1991.0,-1.1780121220995199
1991.0,6.38634222382882
1991.0,6.51430022999846
1991.0,4.4936489983117305
1991.0,-2.76135507956801
1991.0,1.2631766590480902
1991.0,-2.01475214753114
1991.0,-0.7065129039236149
1991.0,-4.04579159667167
1991.0,-1.7289927144108603
1991.0,-0.990791596671669
1991.0,-1.7557915966716697
1991.0,-1.7989927144108602
1991.0,-1.2578689713802198
1991.0,12.073515369317601
1991.0,2.36370966047157
1991.0,-1.1353465216241998
1991.0,1.52945269094613
1992.0,0.6487603593770479
1992.0,1.80899217205925
1992.0,2.0196029583871002
1992.0,1.0083548047233801
1992.0,-0.118618182938089
1992.0,-0.8626703820370991
1992.0,1.31890568058781
1992.0,-3.8828931087707597
1992.0,0.30438052647010105
1992.0,0.6336007539466371
1992.0,-4.09139924605336
1992.0,-0.0360477804446436
1992.0,-0.27964645687413303
1992.0,-4.26973393740582
1993.0,0.19455244576176103
1993.0,0.5931396245888779
1993.0,-1.1506104984323
1993.0,0.308289656457928
1993.0,2.35480339104884
1993.0,1.74970126341893
1993.0,1.08344871437306
1993.0,-4.879462656409871
1993.0,-0.9355945706407539
1993.0,-1.70203817599545
1993.0,-0.7152327434610799
1993.0,1.00282082396015
1993.0,-0.567999255237516
1993.0,4.31913053569665
1993.0,4.4846623517234905
1993.0,-2.7298219006962903
1993.0,3.19533994093521
1993.0,3.26715980267762
1993.0,7.33108867430133
1993.0,2.5245357211345802
1993.0,1.4308600543438799
1993.0,0.752701263010788
1993.0,0.7057653994406899
1993.0,0.668784979550743
1993.0,1.48134822583287
1993.0,-2.44323788468599
1993.0,-6.8183400123159
1993.0,-2.77459256136177
1993.0,-1.1786452143333799
1993.0,-0.160892309695508
1993.0,-7.22622023785047
1993.0,2.07734295171388
1993.0,2.91913006353589
1993.5,0.157855630058097
1993.0,-6.5216954938270195
1993.0,-0.22450206370294698
1993.0,-0.16866668737737
1993.0,-0.8814506576244721
1993.0,-1.53305498794855
1993.0,-1.89815708258923
1993.0,0.438760359377049
1993.5,-1.6868325700784799
1993.5,-1.8270020637029498
1993.5,-1.44616668737737
1993.5,-4.02916754262761
1993.5,-2.32394518639925
1993.5,-2.31925080048375
1993.5,-0.65193564567673
1993.0,1.6208046077339098
1993.0,0.235691061623677
1993.0,2.26443324142467
1993.0,-3.54601926155638
1993.0,0.5838234812035389
1993.0,-1.09490886714851
1993.0,-0.829609251896375
1993.0,-4.30083883535223
1993.0,1.4182174678786599
1993.0,-2.10604857767467
1993.0,-0.018966153272732
1993.0,3.65326116129451
1993.0,-0.23067853493765803
1993.0,7.75197224959906
1993.0,-0.0228497995742784
1994.0,-1.1470020637029499
1994.0,0.262404741194059
1994.0,-1.67305498794855
1994.0,-1.4329487492558899
1994.0,0.5387603593770479
1994.0,-2.15290728898404
1994.0,-1.9146774444479902
1994.0,1.27703849432878
1994.0,0.6338234812035389
1994.0,-1.03652405436056
1994.0,2.57905316591155
1994.0,5.760849643888269
1994.0,8.91328888235943
1994.0,-1.09171121922803
1994.0,0.0745359930313296
1994.0,-1.22362029671703
1994.0,1.10112880923492
1994.0,3.58433819808938
1994.0,-1.34113812067385
1994.0,3.19098084156151
1994.0,-0.8496092518963749
1994.0,0.779680377010014
1994.0,1.03632296763071
1994.0,4.12397968876191
1994.0,5.12138181706191
1994.0,0.568996322343374
1994.0,-1.3925420344243602
1994.5,-1.13659794099819
1994.5,-0.7849307282760429
1994.5,0.7648790645394521
1994.5,0.0169142846360113
1994.5,-4.31611207506957
1994.5,1.6132325157977099
1994.5,-4.04382955819358
1994.5,-1.48103921673302
1994.5,-1.4360198482416697
1995.0,4.49280485009408
1995.0,-2.90112295049025
1995.0,0.39547619733001893
1995.0,-3.7516135771704304
1995.0,2.9999167094727404
1995.0,-0.22149610154363503
1995.0,4.49829374749462
1995.0,-0.0579024888658712
1995.0,1.1487603593770501
1995.0,-1.22277202622609
1995.0,-2.1954951642008202
1995.0,-1.09797000771227
1995.0,-1.07583036906332
1995.0,-1.87859601638055
1995.0,-1.7408336048604
1995.0,-0.273080861573536
1995.0,3.9208046077339103
1995.0,0.156675760643065
1995.0,11.655043370176301
1995.0,4.9876539433542595
1995.0,5.07656002209237
1995.0,-1.07780478734052
1995.0,-1.82168321440863
1995.0,3.8058047914844306
1995.0,-3.84704185930769
1995.0,0.586322967630707
1995.0,-3.5691017940429903
1995.0,-3.1344537000101
1995.0,-0.9952414077587759
1995.0,-2.7078188343031604
1995.0,-5.645884168624639
1996.0,-0.9117167258267841
1996.0,0.38459351029803707
1996.0,1.3249500787586002
1996.0,4.75040667600161
1996.0,0.41594709465738294
1996.0,1.6695431731453503
1996.0,-5.4692025442464605
1996.0,-5.63965812260857
1996.0,0.848760359377048
1996.0,-3.66305897478831
1996.0,-0.521429411345065
1996.0,-1.33598453695281
1996.0,-1.1078271855937298
1996.0,-0.14057273340387
1996.0,-1.96220996769376
1996.0,2.9077900323062402
1996.0,6.76231747700113
1996.0,-2.00525361118291
1996.0,4.35876624870458
1996.0,1.53712200770944
1996.0,1.34520794785245
1996.0,-0.5836381206738499
1996.0,5.514831984109111
1996.0,-1.1435425228783602
1996.0,10.090833096014
1996.0,0.983822967630707
1996.0,6.08805309087095
1996.0,5.1683876690708
1996.0,-1.9935072210653502
1996.0,-0.994945415570559
1996.0,9.42505458442944
1996.0,0.477405409316939
1996.0,-0.9658040204132259
1996.0,-4.826047890766441
1996.0,2.27995210923357
1996.5,3.7604895347203304
1996.5,4.7453055829324
1997.0,-6.30416573465933
1997.0,1.4131224925516999
1997.0,1.3654066760016101
1997.0,-0.763914016453729
1997.0,-0.6058387712991
1997.0,-3.9006161300783395
1997.0,-3.31342410616958
1997.0,-5.4269013343083
1997.0,1.4487603593770502
1997.0,9.26670711289857
1997.0,0.9867071128985729
1997.0,0.42176005374793396
1997.0,-1.61667681531107
1997.0,-0.325419722212486
1997.0,0.4231660027090611
1997.0,-1.25312321812525
1997.0,-0.0411381206738499
1997.0,-0.5611381206738499
1997.0,0.315023599334328
1997.0,-1.9893143357682699
1997.0,-0.944273055366202
1997.0,0.16921692088114298
1997.0,0.831685664231733
1997.0,-0.0260645406370528
1997.0,-0.5046475527321239
1997.0,-1.5274081354051798
1997.0,-1.89916972221249
1997.0,-4.74916972221249
1997.0,0.478525380602816
1997.0,0.778015467205302
1997.0,2.07713780871916
1997.0,1.77701371034335
1997.0,-0.0787325353090469
1997.0,1.2603746994254
1997.0,2.39016220149348
1997.0,0.615837870179312
1997.0,1.90257296763071
1997.0,0.935072967630707
1997.0,1.93413802686548
1997.0,0.7643967525362891
1997.0,0.265146547667504
1997.0,1.48277136627169
1997.0,2.14459467585237
1997.0,1.56966341920296
1997.0,1.6219025000484601
1997.0,-0.268683524290115
1997.0,2.3884802022391
1997.0,2.466049562042
1997.0,-4.00490468408131
1997.0,-4.44083883535223
1997.0,1.42144504021503
1997.0,0.346302952899376
1997.0,-1.05347662955032
1997.0,-0.0574586339079297
1997.0,-0.5787919672412629
1997.0,2.13723646890737
1997.0,1.64839322217653
1997.0,-2.94432787658436
1997.0,0.41073874265027205
1997.0,-4.17621919336686
1997.0,0.499126014247137
1997.0,-5.23631118237634
1997.0,-2.82588260604698
1997.0,-3.07426046910169
1997.0,0.20275140517897602
1997.0,-0.231019124777836
1998.0,-3.00990918273781
1998.0,3.2929500787586004
1998.0,6.816240009334941
1998.0,0.171197094657383
1998.0,1.74443900647868
1998.0,-0.7859842620406521
1998.0,0.438760359377049
1998.0,-1.6645896780916003
1998.0,-1.6455651628832502
1998.0,0.637980738443624
1998.0,0.6491134030013921
1998.0,-0.7029072889840351
1998.0,0.300500486801893
1998.0,1.16909035762273
1998.0,0.23241044463426003
1998.0,-0.30613812067385
1998.0,-2.85959319678123
1998.0,4.282691826748181
1998.0,-3.2485947138827505
1998.0,-3.54527385990283
1998.0,-3.0562517575984196
1998.0,-2.59368304109773
1998.0,-4.3401937449837495
1998.0,-4.90776527726328
1998.0,-4.02479841223951
1998.0,-6.51958509093175
1998.0,0.51921157510645
1998.0,1.50671157510645
1998.0,2.13846976952615
1998.0,0.8559697695261469
1998.0,1.46530144592729
1998.0,0.6852939052905029
1998.0,1.84862153293882
1998.0,1.25007296763071
1998.0,2.56032028014101
1998.0,1.71032028014101
1998.0,3.8906586565719903
1998.0,-0.175882108476671
1998.0,0.9274054093169392
1998.0,4.18405037267693
1998.0,1.9259394627088002
1998.0,-3.8717463307370497
1998.0,-1.10114024876163
1998.0,-1.8989035194314299
1999.0,-1.0324994738648698
1999.0,2.67098846343075
1999.0,0.7570099531199549
1999.0,-0.0368786908553844
1999.0,-0.968330356017985
1999.0,1.61787932581622
1999.0,1.3476033736206103
1999.0,2.5582654715168998
1999.0,3.20338249574085
1999.0,0.0334714130775878
1999.0,0.56698438165416
1999.0,1.89409317130231
1999.0,-0.24252663489631102
1999.0,0.208116331593464
1999.0,2.6495086319200802
1999.0,1.2615493412861498
1999.0,0.547950078758596
1999.0,2.57040667600161
1999.0,-1.45946957200928
1999.0,-0.477227660187989
1999.0,-1.63709781574569
1999.0,-6.98897328218254
1999.0,-3.4607162675171805
1999.0,1.42564736884646
1999.0,-1.2821657379701998
1999.0,-1.51983924676865
1999.0,-1.54423411480331
1999.0,-1.31973957040929
1999.0,2.3073468737276297
1999.0,-0.804377164822577
1999.0,-1.39338672744113
1999.0,-4.64359552721131
1999.0,-3.19306578527322
1999.0,0.7202675480601091
1999.0,0.46819424185281894
1999.0,-4.08749074839355
1999.0,-6.1964848159792805
1999.0,-0.984818149312609
1999.0,0.24226866472616895
1999.0,-3.4927756224724704
1999.0,-0.8040202469692759
1999.0,-4.0521259376766805
1999.0,-0.24123964062295103
1999.0,1.4915690867657398
1999.0,-0.4342232225922079
1999.0,2.6126429077989903
1999.0,-0.0827705521525726
1999.0,0.747699673643053
1999.0,0.23750634763611397
1999.0,-0.056855236061026
1999.0,-0.0211381206738499
1999.0,0.30011625151522
1999.0,-0.8650384783237919
1999.0,0.0283151419439627
1999.0,1.78886187932615
1999.0,-3.20764558920729
1999.5,1.52920375374124
1999.0,-2.74605882579061
1999.0,2.1928590220208704
1999.0,1.23101694372455
1999.0,0.341578074465753
1999.0,1.48064202560575
1999.0,1.99673963429737
1999.0,0.792652736645174
1999.0,-0.226105167797013
1999.0,0.693067896915186
1999.0,0.808734583792323
1999.0,0.5869687207520239
1999.0,-1.75579561201384
1999.0,8.83091270714318
1999.0,0.414905409316939
1999.0,1.9235098088498
1999.0,0.0154816579814848
1999.0,0.39480029397088395
1999.0,2.2646359224134303
1999.0,3.08625788880733
1999.0,2.0222628877814
1999.0,1.9037808066331399
1999.0,-1.34017837429629
1999.0,-2.2692073190862003
1999.0,1.09702215095699
1999.0,-1.32876820296082
1999.0,4.4718081478794005
1999.0,0.5918249435569211
1999.0,-1.48729864493828
1999.0,2.98127451876728
1999.0,2.3882895306118797
1999.0,0.546235728690021
1999.0,-0.757040133378944
1999.0,-0.0124394279427707
1999.0,-0.253329045074388
2000.0,-1.75558842065759
2000.0,0.607335952234381
2000.0,-0.6780649487047491
2000.0,0.164113210011097
2000.0,-4.66961726142185
2000.0,1.16998019287434
2000.0,-3.84703029028064
2000.0,1.01316484131545
2000.0,-0.14035243124675198
2000.0,2.87845271325342
2000.0,1.43250883296762
2000.0,0.7269825191495229
2000.0,1.7241643382550702
2000.0,-0.236289177388514
2000.0,-2.18762045690001
2000.0,-7.55956107139224
2000.0,-3.5529422100877595
2000.0,-1.50313527258422
2000.0,-4.892574683363151
2000.0,0.24312266764697
2000.0,2.4704409799328797
2000.0,0.8123128062664742
2000.0,0.860046520537876
2000.0,-4.78902924751925
2000.0,-5.6304175019340805
2000.0,0.515368026037067
2000.0,-3.83149170312607
2000.0,-4.37137555834944
2000.0,-4.11899187049001
2000.0,1.57576244655128
2000.0,5.58512356558062
2000.0,9.675411437518589
2000.0,-5.52541173263484
2000.0,-7.550602347127071
2000.0,-4.14874332610098
2000.0,-3.5269727610493304
2000.0,-5.933816819155919
2000.0,-6.655106891067179
2000.0,-4.30243355774031
2000.0,-4.997868024360559
2000.0,-4.52906219134652
2000.0,-5.737509881652381
2000.0,-2.0197829058984302
2000.0,-5.15014373687576
2000.0,-1.28314951054696
2000.0,1.29028538232867
2000.0,2.74476228512016
2000.0,-2.22192256007282
2000.0,1.95317706489276
2000.0,-4.74670254424647
2000.0,0.248760359377049
2000.0,-2.44805897478831
2000.0,-0.6733969867653261
2000.0,-2.0210425111020403
2000.0,-0.503566514416456
2000.0,-0.09113812067385
2000.0,-0.23226604808952897
2000.0,-0.385141834598551
2000.0,0.5301445738881
2000.0,-0.18280115831608199
2000.0,1.82882296763071
2000.0,0.28144504021502803
2000.0,1.86556762390593
2000.0,3.29938343140779
2000.0,-2.07033665080955
2000.0,-1.27772870251152
2000.0,-2.3709107056036602
2000.0,-1.9688517769134701
2000.0,9.484920575687221
2000.0,0.713136080936511
2000.0,0.6685189334491
2000.0,-2.8258626277045
2000.0,-3.0693884137146803
2000.0,2.3070495026603397
2000.0,2.93317873631
2000.0,4.17828170788832
2000.0,5.03982571702436
2000.0,4.687899691414669
2000.0,0.334534540270493
2000.0,2.98070990037213
2000.0,4.642091192203179
2000.0,0.502482176231109
2001.0,-2.4522558940815498
2001.0,-3.41706541789108
2001.0,-1.77277470254305
2001.0,-0.0844794415555591
2001.0,2.08687026467467
2001.0,1.11535573223956
2001.0,2.52045093266537
2001.0,0.633194988805974
2001.0,-1.4104058932074601
2001.0,0.937158981398001
2001.0,3.2246838548883097
2001.0,6.862548787813059
2001.0,3.5407645473226403
2001.0,-0.7637376244197659
2001.0,-3.1620249572058703
2001.0,-0.100775144008101
2001.0,-2.64083344139547
2001.0,-2.1296883051437603
2001.0,0.19142839054768301
2001.0,-1.76342804614526
2001.0,-2.37002715279951
2001.0,-1.7819587899698401
2001.0,-0.7663069717200258
2001.0,0.8225025520894979
2001.0,-1.2561872235870701
2001.0,1.32142065009901
2001.0,-2.13146441323463
2001.0,0.46395715062053894
2001.0,4.52285390898875
2001.0,-3.3960407242443105
2001.0,0.24384374462215497
2001.0,-1.86151699997134
2001.0,-1.32090588886023
2001.0,-7.09538086992968
2001.0,-5.646585840741481
2001.0,-1.88721474694386
2001.0,4.934813057262991
2001.0,-2.5895169999713397
2001.0,0.35934597195477097
2001.0,-2.3078430181374103
2001.0,-1.97032905902054
2001.0,-3.84000730686076
2001.0,-0.09947121603337401
2001.0,0.582597762898415
2001.0,-0.5960467505270911
2001.0,-4.997524748336731
2001.0,1.3833902119655601
2001.0,-1.15147052710784
2001.0,-1.4958317800502101
2001.0,2.65714510752838
2001.0,-2.9649848599305897
2001.0,0.428760359377049
2001.0,-1.67750254777699
2001.0,1.1378065491043998
2001.0,2.6588450052203902
2001.0,-2.74970917776871
2001.0,4.30932082578102
2001.0,-3.2533652410404104
2001.0,-4.90368753580034
2001.0,-2.23906100825047
2001.0,-7.37818951552566
2001.0,-0.8289758316779939
2001.0,0.0219905202270302
2001.0,-1.1535897981761498
2001.0,-2.6887246201757207
2001.0,0.24351507912868303
2001.0,-1.0582366224276898
2001.0,-1.04347516793188
2001.0,1.5986729397266
2001.0,1.50202240331937
2001.0,2.44788081518102
2001.0,2.50858970711206
2001.0,0.631739029559858
2001.0,0.109726167433239
2001.0,-3.9346821191239303
2001.0,1.32892872948556
2001.0,7.70608724235388
2001.0,-1.18550548484736
2001.0,1.99809147796898
2001.0,2.87472828066661
2001.0,3.9879949734041102
2001.0,3.00078231603823
2001.0,3.43779285380784
2001.0,-4.13173296712883
2001.0,-6.3676538880305396
2001.0,3.1207099003721295
2001.0,4.82055273066471
2001.0,4.5671663352747895
2001.0,-4.30802187882428
2001.0,-4.543942799725981
2002.0,0.442166836060431
2002.0,2.01317149029265
2002.0,-0.37089891086307303
2002.0,3.00577149029266
2002.0,-0.10216326616500901
2002.0,2.93974408501985
2002.0,0.0202078659334514
2002.0,-1.62149444927865
2002.0,-0.167797974291026
2002.0,-2.24287120856651
2002.0,0.92900750598463
2002.0,0.978087415511543
2002.0,0.529561403072558
2002.0,0.339622653697375
2002.0,2.31142299365527
2002.0,1.1421253505456999
2002.0,-0.20604611119249697
2002.0,1.54528722214084
2002.0,-1.00849330182358
2002.0,0.9144833001715401
2002.0,0.8265991400834058
2002.0,1.92432394059951
2002.0,-2.12227926868608
2002.0,1.8035824479918001
2002.0,0.842193559102915
2002.0,0.539397602798822
2002.0,0.7079873162473052
2002.0,-1.127543603734
2002.0,3.7465840748108703
2002.0,9.84924594640601
2002.0,0.450043764099936
2002.0,-3.2092512901184302
2002.0,-4.06827381795137
2002.0,-4.2806247059753995
2002.0,-3.5360550318122597
2002.0,0.928760359377048
2002.0,-2.93612255065866
2002.0,-2.61062527951642
2002.0,-3.07437584443538
2002.0,-2.8158652410404104
2002.0,-2.23601926155637
2002.0,-1.9958865969986102
2002.0,-3.5199839594311695
2002.0,-0.7117191931018579
2002.0,-0.595189908335539
2002.0,2.15618051181991
2002.0,1.1695647794168
2002.0,1.1863425620144599
2002.0,0.485428798389464
2002.0,1.40200571561966
2002.0,-4.0787348140510495
2002.0,-1.6058030801007501
2002.0,-1.43926456882718
2002.0,-0.9038463574284731
2002.0,-1.53251148663022
2002.0,0.331124865658988
2002.0,0.747124865658988
2002.0,-0.452875134341012
2002.0,-3.8871577074518298
2002.0,0.516431625396383
2002.0,3.97471224521483
2002.0,1.2708424015612
2002.0,-3.1932168921054704
2002.0,1.37332157147275
2002.0,-2.2443573321553196
2002.0,-3.40763206477213
2002.0,-1.84687395723373
2002.0,-2.11787100656706
2002.0,-0.325401561082014
2002.0,2.03186840219124
2002.0,-0.340295899875532
2002.0,0.87413988669402
2002.0,2.27031477223373
2002.0,1.75737963683362
2002.0,-3.39353177209483
2002.0,0.288889236085083
2002.0,-3.80917604137965
2002.0,1.5099398439820502
2002.0,2.817125951851
2002.0,3.51604299982622
2002.0,3.97103858030357
2002.0,2.70820990037213
2002.0,4.69069259080457
2002.0,-0.31132229546945395
2003.0,-3.97868365875283
2003.0,-1.11286294438056
2003.0,-1.2674394179311002
2003.0,-0.0637439024409121
2003.0,2.3853533084744702
2003.0,0.35535546809130697
2003.0,2.48593339505456
2003.0,4.53116649842966
2003.0,0.7980166535510609
2003.0,-0.31938651785822303
2003.0,0.475351956695861
2003.0,4.90527304666337
2003.0,5.34527304666337
2003.0,3.70386802126496
2003.0,2.2974037895157204
2003.0,3.45577166447259
2003.0,0.12511232381325002
2003.0,4.0785051809561095
2003.0,2.7411958389306896
2003.0,2.65517940196334
2003.0,-1.8574455980366698
2003.0,4.33092077395453
2003.0,4.2231857935748796
2003.0,2.1589000792891597
2003.0,6.44891689766142
2003.0,2.39231795579335
2003.0,2.69396764279896
2003.0,-1.7496289756602499
2003.0,0.8537275002579041
2003.0,-3.60491903650457
2003.0,1.41250305965179
2003.0,-2.7929586665354704
2003.0,1.8835631749474697
2003.0,0.25166557716644
2003.0,1.7318773511971497
2003.0,-3.97053282852839
2003.0,-3.1024372852244704
2003.0,-5.136060756590941
2003.0,-1.63209393306598
2003.0,0.8944016558189609
2003.0,3.4026578875152897
2003.0,-0.248312814197874
2003.0,1.03566366794896
2003.0,1.13673496512492
2003.0,-4.805423889712361
2003.0,1.93889981701397
2003.0,0.548104097920244
2003.0,-0.5453035065602151
2003.0,-0.8411701960334359
2003.0,0.296762285120162
2003.0,-4.34180179807471
2003.0,-1.2270084434957098
2003.0,2.08240783337406
2003.0,-4.35568554724214
2003.0,0.19578263159795198
2003.0,6.59736168686319
2003.0,0.561607364200421
2003.0,-0.13321994113437
2003.0,1.06525205774608
2003.0,0.6950053653474909
2003.0,-1.4577236673875902
2003.0,-0.41124351673443704
2003.0,-1.5113868318541799
2003.0,5.3039953994251
2003.0,1.7952908579154598
2003.0,2.69141958083325
2003.0,-1.93528155571519
2003.0,-1.69896568765396
2003.0,1.12531845250498
2003.0,1.0404911471701899
2003.0,2.0899631460506396
2003.0,1.0687164536520501
2003.0,-2.02420815504443
2003.0,-1.85390364055109
2003.0,2.41236998161345
2003.0,-3.79342370462793
2003.0,-2.48415582349286
2003.0,1.54192867619956
2003.0,1.1218837168176499
2003.0,-0.5951126320835861
2003.0,0.19039675253629
2003.0,0.5903659399861021
2003.0,-0.0305431509229884
2003.0,-1.144222263659
2003.0,-0.54038906436544
2003.0,-0.171916756767517
2003.0,-0.97232054289534
2003.0,2.2749096182272597
2003.0,-0.657426184003227
2003.0,7.3264564877296605
2003.0,1.46773383027799
2003.0,-5.5209116867215196
2003.0,-4.19942447130961
2003.0,-2.20485892424909
2003.0,0.919072075983606
2003.0,4.9584533664434804
2003.0,7.24247039615223
2003.0,1.2129962986227198
2003.0,-0.524791549788012
2003.0,4.05352523603258
2003.0,3.37227773867125
2003.0,1.55500101458242
2003.0,-0.945121220159807
2003.0,5.92130498593321
2003.0,4.58445016656215
2004.0,2.7080214042897004
2004.0,-2.5157530825795402
2004.0,-2.31472439903881
2004.0,1.57985673724779
2004.0,0.0188087291380354
2004.0,3.09638361150478
2004.0,0.8251639096497471
2004.0,1.86127815695932
2004.0,3.56678604658675
2004.0,5.25707230690689
2004.0,1.4479894593400402
2004.0,0.335177177705473
2004.0,1.8371141572282499
2004.0,-3.77086743585512
2004.0,4.88433382858776
2004.0,2.8964588285877597
2004.0,2.86639792564833
2004.0,-0.8348223273728141
2004.0,2.3208887648111802
2004.0,1.43393548302347
2004.0,-4.78518554724214
2004.0,-3.98624191765213
2004.0,-3.33800670642279
2004.0,-5.41195455453789
2004.0,-3.89125377933997
2004.0,-4.66342425522458
2004.0,-4.99430929357896
2004.0,-0.351239640622951
2004.0,1.61593035735002
2004.0,1.65105783526699
2004.0,-3.96836524104041
2004.0,-0.67927643160303
2004.0,-0.0680222485208496
2004.0,1.3582443366122499
2004.0,2.0654948512180202
2004.0,-1.47213219396303
2004.0,0.28484316770033696
2004.0,0.133930446844109
2004.0,1.92112419124879
2004.0,0.9719199374858629
2004.0,1.4270652750460802
2004.0,4.85030049359383
2004.0,2.8538088165051096
2004.0,1.8023376980881798
2004.0,2.6340553979070402
2004.0,2.34587416280631
2004.0,2.91370289874121
2004.0,3.22473850150754
2004.0,3.11189855320117
2004.0,-2.0241406272111
2004.0,-2.20090364055109
2004.0,-1.10775502951795
2004.0,1.7855731659648302
2004.0,-0.442902597972134
2004.0,1.6328879134211298
2004.0,-1.51193709440532
2004.0,1.0156686128866899
2004.0,0.00019013135964116002
2004.0,-5.17529016379484
2004.0,-3.90836383859205
2004.0,-5.881540406060361
2004.0,-6.82234062027408
2004.0,-10.2086206366494
2004.0,-7.26892829310161
2004.0,-5.597664499905809
2004.0,-3.85024522019033
2004.0,-3.31165602610726
2004.0,-3.34731903462174
2004.0,-5.40182818638913
2004.0,-3.06759101295423
2004.0,-3.00955289519324
2004.0,-3.2751297624133198
2004.0,-3.5062859284681402
2004.0,-6.60176965680063
2004.0,7.243587242353881
2004.0,0.7643439954095219
2004.0,-0.7884164594581479
2004.0,-2.59748101973463
2004.0,3.82959384016236
2004.0,-1.2636264776084498
2004.0,-0.49490326476340396
2004.0,4.2897834998954805
2004.0,-1.6710265004150102
2005.0,-0.620072612804313
2005.0,-0.318003782859652
2005.0,3.7697228086763706
2005.0,-0.831534363525473
2005.0,-1.12063411634476
2005.0,2.2919753958047004
2005.0,-0.928024604195298
2005.0,0.0817005931193364
2005.0,-1.01054808731614
2005.0,-0.438636697467636
2005.0,-0.909828509707346
2005.0,0.373904572230376
2005.0,0.285171490292654
2005.0,-0.6410954277696249
2005.0,-2.2320821963609903
2005.0,-0.5590524409942951
2005.0,-2.01208219636099
2005.0,0.16388100220663
2005.0,-1.05807251720915
2005.0,-2.46707443589999
2005.0,0.18470323224838603
2005.0,0.360482506005824
2005.0,-1.44451749399418
2005.0,0.289630748053084
2005.0,0.656200793537119
2005.0,0.632149865109916
2005.0,0.9643441236316159
2005.0,1.6006607364938301
2005.0,-0.14868960526372
2005.0,2.11970271325342
2005.0,-0.812202621677402
2005.0,0.632601648815704
2005.0,0.634610680893121
2005.0,0.29296408138641805
2005.0,0.964075192497529
2005.0,0.9996307480530849
2005.0,-0.433155876368384
2005.0,-1.38565587636838
2005.0,1.22754858562751
2005.0,0.178253856439328
2005.0,0.8997131641519691
2005.0,2.12985205304086
2005.0,0.647508832967623
2005.0,-1.2229032410461398
2005.0,-1.8124911670323798
2005.0,0.7995088329676229
2005.0,-1.7429032410461398
2005.0,-1.0019775238471
2005.0,0.21649887919872798
2005.0,-1.1513194548351298
2005.0,3.4285925288243697
2005.0,0.5737588614919549
2005.0,-0.36600050634976594
2005.0,0.963999493650235
2005.0,-0.6747473054848571
2005.0,0.630355490720061
2005.0,0.6414994936502351
2005.0,-0.696000506349766
2005.0,0.6853554907200611
2005.0,4.59519123975106
2005.0,-0.0943920935822772
2005.0,1.7728880456208997
2005.0,-1.58480876024894
2005.0,-0.8300195396581671
2005.0,-0.146523188688513
2005.0,-3.15050399310502
2005.0,-3.19051748085048
2005.0,-1.54551748085048
2005.0,0.28736346583598105
2005.0,-1.99640073478735
2005.0,-1.77051748085048
2005.0,-2.17718414751714
2005.0,0.0816930863035293
2005.0,-0.7333069136964699
2005.0,1.5204736388626299
2005.0,-1.21827974384472
2005.0,-0.4769073469139621
2005.0,-0.107484965075996
2005.0,-0.187484965075996
2005.0,-1.3222336455031
2005.0,-0.33024040486172496
2005.0,0.5530926530860389
2005.0,-2.2361716716626296
2005.0,-1.5274149199021398
2005.0,-1.1268418305966499
2005.0,-1.4001225626801699
2005.0,0.8230338453684319
2005.0,-1.36696615463157
2005.0,2.03289647015342
2005.0,-1.74443686317992
2005.0,1.16039196412362
2005.0,0.53469693128075
2005.0,2.87989885520199
2005.0,2.16765457840016
2005.0,0.897654578400156
2005.0,1.2809872022188602
2005.0,0.563212895427396
2005.0,1.83723664695108
2005.0,-0.12417033887945
2005.0,-0.637577324709984
2005.0,3.10522143794479
2005.0,-1.27432493823168
2005.0,4.707522872305519
2005.0,0.96502476456871
2005.0,2.02368820548499
2005.0,4.69993360908531
2005.0,2.5154114375185896
2005.0,-4.550381758830389
2005.0,-4.27086743585512
2005.0,-1.37099795100466
2005.0,-3.0912007593657704
2005.0,-4.41000400385917
2005.0,-0.3471701960334361
2005.0,5.03158895643391
2005.0,2.69592573301633
2005.0,2.00541386583589
2005.0,-1.93834681391835
2005.0,1.38476228512016
2005.0,-2.81024766609809
2005.0,-1.0509225600728198
2005.0,3.2856353935669
2005.0,-1.00875558178275
2005.0,-1.09415351812855
2005.0,-1.14786052114776
2005.0,1.37453883985514
2005.0,14.3800295640727
2005.0,9.36072771477159
2005.0,8.116199325932781
2005.0,-0.101859037073534
2005.0,-0.361239640622951
2005.0,-3.2837701455867703
2005.0,0.7355779118369911
2005.0,-4.06667681531107
2005.0,-3.71965062609783
2005.0,-1.0975490342351402
2005.0,0.6287403683582861
2005.0,-0.0479902678295998
2005.0,-0.9165171145979549
2005.0,-0.36680861801394893
2005.0,-0.23647133887017702
2005.0,-1.83464239061555
2005.0,-2.0241406272111
2005.0,2.22787652953817
2005.0,-3.0172681433483897
2005.0,-2.47882231428517
2005.0,-1.60461524458045
2005.0,-2.1196085893763
2005.0,0.487146222331349
2005.0,1.40399964694491
2005.0,-2.08175493667462
2005.0,1.03979373006691
2005.0,-0.00600035305508553
2005.0,-2.92296695318842
2005.0,1.03554049677841
2005.0,1.46511838108732
2005.0,1.8213789731253502
2005.0,0.0590621787796012
2005.0,-2.6075071574846698
2005.0,2.8268439954095204
2005.0,3.88684589165627
2005.0,1.77728291283782
2005.0,3.02863079307688
2005.0,4.9905569799608305
2005.0,-0.9540356217937529
2005.0,0.6848418813814339
2005.0,2.16297128258811
2006.0,-3.0085308603573195
2006.0,-2.6590471410224796
2006.0,1.4326124100566298
2006.0,-2.06676424276121
2006.0,-1.310143709379
2006.0,0.873413832995753
2006.0,0.0386541659402609
2006.0,-2.5794158778874503
2006.0,1.6168957849052301
2006.0,-0.819110755855785
2006.0,1.3884307576125101
2006.0,-2.30673891677929
2006.0,1.79558495802382
2006.0,0.678965727618698
2006.0,-1.58642266696242
2006.0,6.110321191594031
2006.0,0.928774201688517
2006.0,2.4979005779753902
2006.0,3.48801457837892
2006.0,-2.1251123142623602
2006.0,3.2277605437408594
2006.0,3.3773793495614903
2006.0,0.7487936577470741
2006.0,-2.38009854092812
2006.0,2.5060522243570498
2006.0,-0.18488046023139
2006.0,1.3721119038983203
2006.0,0.6338660508547591
2006.0,-2.32106440925968
2006.0,-1.4630441827334602
2006.0,0.0644956654880888
2006.0,1.35010879517823
2006.0,-0.820251652380677
2006.0,3.516537839072
2006.0,2.7060599848503304
2006.0,-1.6673427901722
2006.0,-0.718120121074446
2006.0,-0.22190478958289803
2006.0,0.424537832448772
2006.0,-1.79891671736362
2006.0,-0.526619975957802
2006.0,-0.681609674845781
2006.0,-1.48604379716941
2006.0,1.5442053671095601
2006.0,3.92196274062565
2006.0,-0.7689245590104979
2006.0,-1.1323175695433603
2006.0,-0.47479207785690003
2006.0,-0.936127442739075
2006.0,-1.9543871097945702
2006.0,2.4916045091703998
2006.0,2.80114368228899
2006.0,0.7370494518838709
2006.0,-2.97633894269725
2006.0,5.728029915859199
2006.0,1.6143281640489298
2006.0,4.19785930224056
2006.0,2.5694733026440897
2006.0,-4.60387233999719
2006.0,3.29705260133936
2006.0,3.1159380738266598
2006.0,-2.62614761798775
2006.0,1.39334428195555
2006.0,-0.831795610246739
2006.0,2.2235437099196003
2006.0,3.25938169838377
2006.0,-3.6670023575289603
2006.0,5.214429874621911
2006.0,2.6131670641089304
2006.0,0.639360817708244
2006.0,2.6381409629264705
2006.0,2.3792182988618396
2006.0,-4.027805494456451
2006.0,-3.74290728898403
2006.0,-0.43522898388417103
2006.0,-1.6301011175684699
2006.0,0.31629989216781
2006.0,0.6648847321704
2006.0,-1.33261218944252
2006.0,-0.7854335866948959
2006.0,5.3981412412493
2006.0,-2.22478311043858
2006.0,-0.46418203621092496
2006.0,4.9435047525846905
2006.0,-0.257515369544258
2006.0,-1.1783251099543601
2006.0,-2.06423453032607
2006.0,-1.4763742265856001
2006.0,-2.9411240778085603
2006.0,-4.39921062578036
2006.0,-2.49880528140502
2007.0,7.043252794424959
2007.0,-3.2166368165363597
2007.0,0.6507987211666441
2007.0,2.14225845579773
2007.5,8.54049239466741
2007.5,9.2864416740563
2007.0,-0.958573723624626
2007.5,7.37851210926592
2007.0,-1.0298214958915202
2007.0,4.47705423038158
2007.0,0.600566355704316
2007.0,1.5399250465119099
2007.0,5.36843798560142
2007.0,5.78427958924068
2007.0,3.9099250465119098
2007.0,0.0125809149260355
2007.0,-0.0628187549544168
2007.0,1.11947330264409
2007.0,-3.4601024887298704
2007.0,-4.16685951606911
2007.0,-4.38122098844229
2007.0,1.2975726907174399
2007.0,3.46169064647406
2007.0,11.375461825564301
2007.0,-3.77586271347884
2007.0,-4.54414842776455
2007.0,-2.42226094506392
2007.0,0.68370802144624
2007.0,0.468560817708245
2007.0,0.15883756365562302
2007.0,1.08459716092317
2007.0,-1.88092317677699
2007.0,1.49114050259984
2007.0,2.31731829886184
2007.0,0.11320565740685601
2007.0,1.4321787825039398
2007.0,5.998058197031259
2007.0,0.24538616034269797
2007.0,-0.401334873146264
2007.0,-0.24391968807320102
2007.0,-0.9022995573033791
2007.0,-2.24476679576048
2007.0,2.4820927110159703
2007.0,-1.5133434819777398
2007.0,-3.90290728898403
2007.0,-2.62667681531107
2007.0,2.16332318468893
2007.0,-4.67697008259687
2007.0,-1.29697008259687
2007.0,-3.2705549920821397
2007.0,-6.282820507667671
2007.0,-0.44681700802722496
2007.0,-2.5563815736937
2007.0,2.9250271379721005
2007.0,2.10985654989457
2007.0,1.0102193524132
2007.0,0.0220958735358291
2007.0,0.625345526502235
2007.0,-2.7715570553838598
2007.0,3.5349198134278703
2007.0,-0.3067381691888
2007.0,0.708442944616143
2007.0,0.0599758280660837
2007.0,-0.836042241997212
2007.0,-0.43792840676605205
2007.0,-2.97804474882779
2007.0,-0.106507163867401
2007.0,-7.41591967498714
2007.0,-4.9243825467961395
2007.0,-6.98839566555634
2007.0,-5.04897145965014
2007.0,-7.8892121296873094
2007.0,-5.0190677052219295
2007.0,-6.32970117605098
2007.0,-6.54357623083018
2007.0,-5.6614001471566295
2007.0,-5.59640591128561
2007.0,-6.30925286281358
2007.0,-5.307363917432371
2007.0,-3.49912484408893
2007.0,-6.23970117605098
2007.0,-5.11140591128561
2007.0,3.5554655973828
2007.0,2.2491914454544304
2007.0,2.1718003217071398
2007.0,2.90671323334342
2007.0,1.2299511440028
2007.0,-2.67703749236084
2007.0,-0.166386291526681
2007.0,1.39307209996308
2007.0,-0.5686558506324411
2007.0,-1.47230814282188
2007.0,2.3972985959437203
2007.0,-1.7927014040562799
2007.0,2.96926199394705
2007.0,0.10823238651907599
2007.0,-0.690158044877826
2007.0,-0.24922892000267302
2007.0,4.21027351879655
2007.0,3.0581466891463602
2008.0,7.14950733267496
2008.0,-8.61669456680503
2008.0,-3.4082234937233697
2008.0,-0.8550620124579209
2008.0,-1.39116543238985
2008.0,-1.9718582945975602
2008.0,1.16586072510628
2008.0,0.508718087070767
2008.0,1.00676015869466
2008.0,-1.89501240541881
2008.0,-3.81738631418755
2008.0,-3.81505778624628
2008.0,-2.27173548391912
2008.0,-4.88077650539332
2008.0,-2.3873509241533597
2008.0,-0.9116126383582
2008.0,-2.67411270515022
2008.0,-2.0048092284895502
2008.0,-4.38321939022042
2008.0,-4.26071961781068
2008.0,-4.8125997755361105
2008.0,-3.26105388984432
2008.0,-4.23364623108729
2008.0,-6.489580734958951
2008.0,-5.10223985242958
2008.0,-3.80564479866102
2008.0,-2.82192073139027
2008.0,-5.42932450686375
2008.0,-4.61229279582182
2008.0,-4.056872044738061
2008.0,-5.51986993521469
2008.0,0.6252283211331611
2008.0,-5.36822043296268
2008.0,-4.30922698890414
2008.0,0.5465718134108379
2008.0,-0.6816395819357041
2008.0,1.64762124699922
2008.0,4.9167314040423
2008.0,3.9869738282544303
2008.0,1.72888758611712
2008.0,-2.85800099124623
2008.0,-2.27159276111144
2008.0,-0.213364774045822
2008.0,3.68250551080778
2008.0,6.934350137148369
2008.0,-0.629131672806888
2008.0,1.5390285632470802
2008.0,-2.20601708073512
2008.0,0.587310817708244
2008.0,-0.11730901395925
2008.0,-0.9383904582280379
2008.0,1.6143277102234501
2008.0,3.08257768203556
2008.0,1.96830080834671
2008.0,-3.1916778199205
2008.0,2.35791829886184
2008.0,0.8349084250419619
2008.0,3.9812975684062897
2008.0,1.8852736741201601
2008.0,3.39784656855012
2008.0,-0.0668170826692582
2008.0,-1.8142569763762
2008.0,-1.8119858519998797
2008.0,-2.70776764842893
2008.0,-1.28705690557954
2008.0,1.7689677806713302
2008.0,-0.809136591454683
2008.0,2.5633231846889304
2008.0,0.5731471315870761
2008.0,-2.29064789087407
2008.0,-1.79048656715584
2008.0,-4.63951352574851
2008.0,-0.6925946129124549
2008.0,4.690822829129909
2008.0,-1.38956231965841
2008.0,-2.56697786599055
2008.0,-2.80823042887564
2008.0,0.9863597780239999
2008.0,-1.08904431110911
2008.0,-3.13197850517647
2008.0,-2.9233273494686403
2008.0,-2.83040747983526
2008.0,-3.36185290334571
2008.0,-3.0739587180970602
2008.0,0.36949402353135996
2008.0,0.58017432518568
2008.0,-2.8857867053880697
2008.0,1.0581255944574
2008.0,-0.24104546428267104
2008.0,0.5679863605915539
2008.0,0.598203160277109
2008.0,4.22479326811725
2008.0,-0.275245490921758
2008.0,4.9887625402025
2008.0,5.60305765685467
2008.0,3.1527273389686297
2008.0,1.69570411192835
2008.0,-0.585774763695327
2008.0,-2.41738989345771
2008.0,-0.9400124839416508
2008.0,7.69055765685467
2008.0,4.1781459254213
2008.0,-2.94448397356952
2008.0,-1.88296678458866
2008.0,-1.6038883810886597
2008.0,-1.8970773822887501
2008.0,-2.5158024374439503
2008.0,-0.0402850397594133
2008.0,5.04107558410114
2008.0,-1.3008362218049498
2008.0,-1.81361968204535
2008.0,-2.849709696936
2008.0,-0.5168379889044171
2008.0,-1.7334276089044198
2008.0,1.4222658318568602
2008.0,-3.70910179404299
2008.0,-1.5993835078719199
2008.0,-2.80099672935978
2008.0,-0.16486508379249898
2008.0,-4.1865957051640805
2008.0,-2.26069861635934
2008.0,-2.73080020636221
2008.0,-2.8451950195601294
2008.0,-1.5403714562256599
2008.0,-0.600544548041156
2008.0,-1.98180058754116
2008.0,-1.39120539545917
2008.0,-2.8136163406640797
2008.0,-2.8990801235549997
2008.0,-5.19364783891921
2008.0,-0.104843937780324
2008.0,1.7195475384469099
2008.0,-3.0636478389192097
2008.0,-3.05081428321798
2008.0,-3.85223790908352
2008.0,-1.10970428602543
2008.0,-1.5373895940254299
2008.0,-4.55667294902543
2008.0,-3.3699266256855296
2008.0,-0.298835635259983
2008.0,-1.6189396296531
2008.0,-1.64755419472674
2008.0,-4.19553616874384
2008.0,-2.06816331723804
2008.0,-2.5929349580662002
2008.0,-4.20163588443722
2008.0,-0.6936413069738909
2008.0,0.448504356421808
2008.0,6.62136440201079
2008.0,5.53767129989365
2008.0,5.23829659671638
2008.0,5.5833745075130405
2008.0,-1.58156316242459
2008.0,-0.858606438618081
2008.0,-0.204659054134725
2008.0,-3.14941136458462
2008.0,0.8793679112877092
2008.0,-0.41400384020450803
2008.0,0.0116282157765296
2008.0,-0.494768419134409
2008.0,0.36479742559721
2008.0,0.009666079952442659
2008.0,-0.237395637518424
2008.0,0.143007709024606
2008.0,0.417306137599731
2008.0,0.11285158793659
2008.0,-1.05072594681426
2008.0,1.9056334013302902
2008.0,-0.36739767331199197
2008.0,0.6467475688027869
2008.0,-1.5203400311137802
2008.0,3.5586093291159098
2008.0,3.18804366834165
2008.0,3.1781466891463603
2009.0,-0.4388070699374171
2009.0,1.93202160650718
2009.0,0.476900691132504
2009.0,1.18656311004297
2009.0,-0.0395594182981425
2009.0,-3.59536697791381
2009.0,-2.01484996083216
2009.0,3.00927618169194
2009.0,-4.22982484004105
2009.0,-1.37183581856403
2009.0,-1.6234447295580101
2009.0,-0.466757161415688
2009.0,1.12306321773196
2009.0,1.25439930596703
2009.0,-1.90224158698197
2009.0,-1.19422456990032
2009.0,5.4803354350576505
2009.0,-2.47736611577588
2009.0,0.594456239034474
2009.0,-1.28786100529283
2009.0,0.8005071184050401
2009.0,-4.70621494664837
2009.0,-2.7201496114324506
2009.0,-4.95336099372337
2009.0,-6.17275538606024
2009.0,-2.62267934662849
2009.0,-1.92840749922021
2009.0,-2.89840749922021
2009.0,-6.082503858343821
2009.0,-2.21310518979456
2009.0,-2.46303750729398
2009.0,-3.1767124054188103
2009.0,-3.63771240541881
2009.0,-4.5990442977556905
2009.0,-2.8156349249906003
2009.0,1.2969529968573998
2009.0,3.56860000776339
2009.0,-0.81902172202061
2009.0,1.0610081146869401
2009.0,2.4550935142569
2009.0,1.3830147639509198
2009.0,1.49839808305397
2009.0,4.50597354615041
2009.0,1.01591794411085
2009.0,3.75713897699193
2009.0,0.895587316765673
2009.0,0.195587316765673
2009.0,13.319760709946499
2009.0,-4.593962286214571
2009.0,0.493410817708245
2009.0,5.540607652707419
2009.0,-0.58027748361457
2009.0,-3.0670542965512206
2009.0,2.32706829886184
2009.0,3.90201188582877
2009.0,-0.30467270479681
2009.0,10.655808719926
2009.0,-0.112878212112071
2009.0,-1.76957117788506
2009.0,0.618678518639714
2009.0,6.12712178788793
2009.0,-2.8254884244376
2009.0,-2.6462481678740697
2009.0,-2.45257632229672
2009.0,-3.4140024950410197
2009.0,-3.7231483363932205
2009.0,-2.31940936870235
2009.0,-4.02714245217483
2009.0,-3.82387106246899
2009.0,-3.72971437183248
2009.0,-6.44400312151187
2009.0,-2.8486433534634
2009.0,-4.47348658681919
2009.0,-5.400468605058321
2009.0,-3.15690712688937
2009.0,-3.6975510110526604
2009.0,-2.62731547758441
2009.0,-3.55791860261654
2009.0,-2.79216967476039
2009.0,-2.91908224097872
2009.0,2.37254665976998
2009.0,1.7508328761924898
2009.0,0.480042057834355
2009.0,-2.47719472791256
2009.0,-2.26048302908866
2009.0,-1.4508278423512802
2009.0,-2.23764062141256
2009.0,-1.64078657033866
2009.0,-3.10768863648628
2009.0,-2.44335660626529
2009.0,-3.14267843067544
2009.0,0.303000020597689
2009.0,-3.94951201088587
2009.0,-2.63552533787027
2009.0,-4.17709310916443
2009.0,-2.05690341752792
2009.0,-2.73186507865884
2009.0,-3.86985820127727
2009.0,-5.485193124455611
2009.0,-4.6734512024556105
2009.0,-1.2079478002972
2009.0,-0.25317431781141697
2009.0,-1.27608901346403
2009.0,-0.294367476199279
2009.0,-3.9148435367481103
2009.0,-2.31893716708481
2009.0,-0.8477129092541851
2009.0,-2.4913555020052405
2009.0,-3.2671555313909604
2009.0,-3.4583130236925697
2009.0,-2.40931423045128
2009.0,-2.45163176002206
2009.0,-0.538547703707962
2009.0,1.2055676239059299
2009.0,-2.38879256978917
2009.0,-2.9502078415621096
2009.0,3.15780468326973
2009.0,-1.5002970360867198
2009.0,1.33230215104236
2009.0,-2.18274171147462
2009.0,-2.86198176316144
2009.0,-2.71839527116144
2009.0,-0.8070057196741609
2009.0,-7.01029703608672
2009.0,-3.82937256958708
2009.0,-5.803105076739941
2009.0,-1.9839194878469
2009.0,2.1690805121531
2009.0,0.998655805913955
2009.0,2.04071217237959
2009.0,-6.12895813742643
2009.0,-5.5175607775251505
2009.0,-9.31038391576473
2009.0,-6.53611085678147
2010.0,5.04127567571032
2010.0,-1.8744754709055
2010.0,3.54276988138495
2010.0,2.27684981807817
2010.0,-3.48647327513063
2010.0,-3.1043944220840403
2010.0,-2.7723163508662303
2010.0,-5.6851734937233696
2010.0,-1.95209779064557
2010.0,1.65014665849934
2010.0,-1.6751277782239198
2010.0,-1.57512777822392
2010.0,-3.13986518319659
2010.0,-4.450212405418809
2010.0,0.635811654466494
2010.0,2.39469494094338
2010.0,-0.28027992426521503
2010.0,2.43388268500325
2010.0,-1.1471422202045098
2010.0,4.66834570864263
2010.0,0.6551608177082441
2010.0,-3.16863917556992
2010.0,1.22341202942847
2010.0,2.8046249451468395
2010.0,2.8113182988618397
2010.0,-1.39870669441632
2010.0,6.99763022486778
2010.0,7.822057426300439
2010.0,-0.773751631126394
2010.0,0.579921861693823
2010.0,3.4536753805656404
2010.0,0.6822602595188599
2010.0,-2.0306881950505002
2010.0,-1.22089578074983
2010.0,-1.8345633054568702
2010.0,-2.6341944127089705
2010.0,-1.8331824858604602
2010.0,-2.05010627212343
2010.0,-1.15204015946864
2010.0,-2.9697262410970597
2010.0,2.11254665976998
2010.0,-1.71634895041124
2010.0,2.08995945717816
2010.0,1.26196628333171
2010.0,4.26405313553686
2010.0,0.116356226587393
2010.0,-1.54364377341261
2010.0,-0.755625870930883
2010.0,-2.0149521575559
2010.0,-1.32353385800997
2010.0,-0.550342478904417
2010.0,-0.787647425237751
2010.0,0.357135419060345
2010.0,3.40338484667073
2010.0,-1.55791074581888
2010.0,0.5604375822075011
2010.0,-1.01967742731013
2010.0,-1.8183427057925001
2010.0,0.4450374720859171
2010.0,-3.7257401126251604
2010.0,0.204567623239815
2010.0,-1.57870302113805
2010.0,3.56850077023026
2010.0,4.107901123169371
2010.0,4.07131694581954
2010.0,2.8632584589400096
2010.0,-1.77030172562972
2010.0,-1.8698435684499197
2010.0,1.32684613372501
2010.0,1.30554099352841
2010.0,4.56598232096656
2010.0,2.15302245757454
2010.0,2.38302245757454
2010.0,-0.550899790255353
2010.0,2.39371745757454
2010.0,2.4305242105068303
2010.0,5.12085952970433
2010.0,-0.38508036825989594
2010.0,-0.17399050463236201
2010.0,3.414651679112
2010.0,5.00479012044532
2010.0,3.29725121490432
2011.0,-2.76815270654631
2011.0,-2.8197879300697406
2011.0,-4.3838056779161505
2011.0,0.46619432208385403
2011.0,2.89882967680309
2011.0,-1.9668049128630098
2011.0,-0.616804912863006
2011.0,-1.82596595852767
2011.0,-0.544616396148399
2011.0,-4.3572859808072
2011.0,-2.62374095350665
2011.0,3.34910646716307
2011.0,1.43347145186339
2011.0,1.18902700741894
2011.0,-3.3665285481366096
2011.0,1.27203068594681
2011.0,2.59700410531693
2011.0,2.80659530770278
2011.0,-2.0555800610516597
2011.0,2.35677259076764
2011.0,3.0432448264583796
2011.0,2.41145079943922
2011.0,1.54685654726733
2011.0,0.9861014253504549
2011.0,-0.11045338367016802
2011.0,0.0501685177903599
2011.0,1.91850185112369
2011.0,-0.65529970529983
2011.0,-0.7931648155429741
2011.0,-1.27005422070869
2011.0,0.2075587660236
2011.0,1.0041431035310402
2011.0,2.4493768289518396
2011.0,3.33636696136684
2011.0,-0.0986330386331628
2011.0,5.23061921907335
2011.0,3.85529454835123
2011.0,1.07171593773916
2011.0,0.426135817708245
2011.0,-3.46790630728962
2011.0,-6.184084599581519
2011.0,0.8583272065777691
2011.0,2.65476829886184
2011.0,3.58369284053065
2011.0,2.67439721668946
2011.0,-1.34746982242725
2011.0,-0.6904227732928361
2011.0,0.669328505675688
2011.0,0.818582344386913
2011.0,0.0397502442498246
2011.0,0.530284940588902
2011.0,0.473847688084355
2011.0,-1.3958631270561699
2011.0,-1.87085737712354
2011.0,-1.2100454340271203
2011.0,2.25254665976998
2011.0,-0.8396204909217571
2011.0,-2.8826876418017697
2011.0,1.53863097175966
2011.0,-1.259386171299
2011.0,2.41821776053619
2011.0,-0.358634828807408
2011.0,0.43012803255438103
2011.0,0.252602085512817
2011.0,1.20066272889346
2011.0,-1.89590279037308
2011.0,-0.985646773417652
2011.0,-1.06150987195052
2011.0,-0.8292769370099731
2011.0,0.147383375131601
2011.0,5.62609946540236
2011.0,-2.04372821375341
2011.0,-0.4020397414966261
2011.0,1.48422727097429
2011.0,3.47233383602735
2011.0,3.3344881604164303
2011.0,-0.8931546734278241
2011.0,-0.21958324485639602
2011.0,1.91966716936069
2011.0,2.24429256029253
2011.0,-0.0135531153183935
2011.0,-6.772624520591219
2011.0,-0.0426245205912234
2011.0,3.1676258936258597
2012.0,4.94970097393117
2012.0,4.14477320931384
2012.0,-3.4961157918153
2012.0,-2.30940551174738
2012.0,1.63395887060159
2012.0,3.0170580449794704
2012.0,1.40841837656472
2012.0,1.63392616792442
2012.0,1.50915807058025
2012.0,1.2360567094419899
2012.0,2.93597379926966
2012.0,1.95924207061736
2012.0,-1.3698506122292
2012.0,-4.08478664951639
2012.0,4.5173785283876295
2012.0,2.4532759642850697
2012.0,-0.0725031602882845
2012.0,-8.12887535891078
2012.0,-4.24883886652848
2012.0,-0.7992819129292329
2012.0,1.8828186616724198
2012.0,5.93223065387347
2012.0,5.29344493958776
2012.0,1.6583902229633
2012.0,4.13980388176965
2012.0,2.8636991915377497
2012.0,1.6188354763244
2012.0,0.26270079943922303
2012.0,2.75826279726733
2012.0,1.93486479526154
2012.0,-0.0366494102442969
2012.0,0.38406216101642
2012.0,0.8460061453112591
2012.0,-0.7655147401619742
2012.0,-1.4794299958463302
2012.0,-0.33943939229710696
2012.0,3.2579144257915598
2012.0,1.81423533237109
2012.0,0.34839820290976503
2012.0,-1.6495379382478201
2012.0,-0.0832017970902346
2012.0,-1.02855462115501
2012.0,-0.7372379382478191
2012.0,0.778682968331702
2012.0,-2.72065343144988
2012.0,0.9269723771138481
2012.0,5.35373864156086
2012.0,2.98339721668946
2012.0,-0.9185591570577679
2012.0,-0.46369486664970294
2012.0,-1.02612704286046
2012.0,-3.1962668644599903
2012.0,1.19254665976998
2012.0,-0.494946579968891
2012.0,0.416220529217507
2012.0,-0.176341118373078
2012.0,-0.671325148845147
2012.0,-1.46955221534515
2012.0,0.754873650049477
2012.0,0.210268245020894
2012.0,0.8407944264441009
2012.0,0.456444223844565
2012.0,-4.3531173597962
2012.0,0.490931617522064
2012.0,-7.25351590277745
2012.0,0.517376704998164
2012.0,-2.47243396289169
2012.0,-0.798885901324339
2012.0,1.72346447045682
2012.0,-0.6523689979558089
2012.0,-0.0102537644877639
2012.0,-0.7575695539614479
2012.0,-2.9331851654195296
2012.0,1.78628309745192
2012.0,2.0237060306573
2012.0,0.511550043949854
2012.0,0.361919025348936
2012.0,-0.498941454810299
2012.0,-0.36110398581129605
2012.0,-2.28867236947221
2012.0,-1.66818839381298
2012.0,-0.6459878058092691
2012.0,-0.986403106652597
2012.0,-2.6725273946952997
2012.0,-8.563508966309309
2012.0,-6.49692645931404
2012.0,-0.0276173834218899
2013.0,-0.242947824965888
2013.0,-2.9414658524035002
2013.0,-2.98850096164644
2013.0,-3.15495435231311
2013.0,-0.0983477606248005
2013.0,-3.36326430202429
2013.0,-5.617631245548741
2013.0,-1.8425244148585302
2013.0,-6.0906308410435
2013.0,-2.4843060167041604
2013.0,-5.3232181770621
2013.0,-0.601868209171969
2013.0,3.62625748729621
2013.0,-5.82271734284189
2013.0,-4.560304022175219
2013.0,-1.71605471855306
2013.0,-1.6776337692206398
2013.0,-2.80667696770561
2013.0,-2.03985064709058
2013.0,-0.11978111640038099
2013.0,-4.96267549921868
2013.0,-2.76201226997894
2013.0,-6.41279544755499
2013.0,-1.93341011617007
2013.0,-5.409367609171929
2013.0,-0.0530300072401293
2013.0,7.177687471672489
2013.0,-4.41464521772337
2013.0,-1.12128191292923
2013.0,-3.73106700641881
2013.0,6.2806865818554405
2013.0,3.38182791710545
2013.0,3.4200967184964504
2013.0,9.974551852149538
2013.0,8.70017570303641
2013.0,-4.57290235202149
2013.0,-6.45528631280056
2013.0,-2.51314733988062
2013.0,8.46768024267507
2013.0,0.6452681287796309
2013.0,-3.75982009811655
2013.0,1.2002858691773401
2013.0,1.19414721668946
2013.0,0.446908627286988
2013.0,-0.13642470604634502
2013.0,0.7344361640880591
2013.0,0.23980656689830102
2013.0,-0.566609609624391
2013.0,1.9990194974213897
2013.0,0.217602669676627
2013.0,1.13902598221596
2013.0,-1.39553564647291
2013.0,0.540827989890728
2013.0,3.1468228481753497
2013.0,3.28015618150868
2013.0,2.73357485759368
2013.0,0.38357485759368204
2013.0,0.954780025062448
2013.0,1.8297800250624499
2013.0,0.8885489400308829
2013.0,-2.19521997493755
2013.0,0.24046829016290303
2013.0,-0.882673690967249
2013.0,2.72254665976998
2013.0,-3.2832348140510397
2013.0,2.7896269926049304
2013.0,4.35395304892488
2013.0,-2.00989328559153
2013.0,2.5039530489248802
2013.0,1.1333917124081998
2013.0,2.34229545244456
2013.0,-0.6359663886191421
2013.0,4.963702807948169
2013.0,3.60398058572595
2013.0,1.19964709131452
2013.0,1.4669037371871798
2013.0,-0.291710921804716
2013.0,-0.635460921804716
2013.0,3.82769020217274
2013.0,4.22053393647991
2013.0,3.80728594589824
2013.0,1.42950816812046
2013.0,3.3618244467003398
2013.0,4.178491113367
2013.0,2.9557226991786005
2013.0,-1.32150888663299
2013.0,0.9641793784674599
2013.0,-0.920945965416919
2013.0,2.49264804086492
2013.0,0.524370730670641
2013.0,-0.265686580797044
2013.0,-2.13977583435288
2013.0,0.8556248778137561
2013.0,-2.04589707288639
2013.0,-3.36188276584535
2013.0,-3.1861583538832003
2013.0,0.6335697336147099
2013.0,0.76641961293026
2013.0,-3.8800695539614503
2013.0,-1.6984266968185902
2013.0,-0.466361220628115
2013.0,-4.0171322940837095
2013.0,-3.4032653011949505
2013.0,-2.55997198474096
2013.0,-3.37861017831209
2013.0,-3.97626353769861
2013.0,-1.54050028772384
2013.0,-4.17411007764283
2013.0,-3.6823484722720097
2013.0,-3.43498844438878
2013.0,-3.83245374999077
2013.0,-3.3958298373253797
2013.0,-1.87767485147931
2013.0,-3.29115172458996
2013.0,-2.5940544849697402
2013.0,-2.3804127551794303
2013.0,-3.31181640967079
2013.0,-1.4555927425259
2013.0,-3.6043195454009997
2013.0,-1.9741023739447798
2013.0,-0.41692467712527
2013.0,-0.7618131905828829
2013.0,-3.97948729919421
2013.0,-2.2004872991942097
2014.0,7.321738976591231
2014.0,0.501908773996436
2014.0,2.6750242453593303
2014.0,1.88271831990542
2014.0,5.773063631097389
2014.0,-0.314820598036667
2014.0,-0.10980579809938401
2014.0,0.806343710837261
2014.0,1.34787949821971
2014.0,-6.8647190913953695
2014.0,5.655248247327781
2014.0,13.077533838397901
2014.0,5.86957823062623
2014.0,1.1996223755884798
2014.0,0.516772254681279
2014.0,-0.3927272680476379
2014.0,-1.8252757880872899
2014.0,-0.22012764809850197
2014.0,-0.0332885175853831
2014.0,-0.6261127621788679
2014.0,0.207317071980512
2014.0,-4.491484599581519
2014.0,-2.7931891215699602
2014.0,-1.77666639618828
2014.0,-0.49044950699353596
2014.0,-0.7041800045905809
2014.0,-1.24894164235214
2014.0,-2.6914618367241605
2014.0,-7.817436981698529
2014.0,-0.683224569949209
2014.0,-2.1937456274170404
2014.0,-0.424605318074294
2014.0,-1.77934847227201
2014.0,-2.47051606767394
2014.0,-1.11448944124143
2014.0,-1.9555816781961297
2014.0,-2.64511129102602
2014.0,-3.15141275517943
2014.0,-3.42981640967079
2014.0,-1.36581640967079
2014.0,-1.91867268170891
2014.0,-1.58252193872913
2014.0,-1.94307284883506
2015.0,-0.8679910722453041
2015.0,1.6221504621753302
2015.0,3.81116539932269
2015.0,-0.729200759365769
2015.0,5.02423252693706
2015.0,-1.03327538534693
2015.0,5.728552589600589
2015.0,-0.156914332764757
2015.0,-1.6840991779577401
2015.0,-1.2568526361238102
2015.0,-1.1934385074664
2015.0,-1.88247033388886
2015.0,-2.52613812067385
2015.0,-0.5362223337566799
2015.0,-0.392940694190284
2015.0,-2.62963577909054
2015.0,-2.06434749054382
2015.0,0.541827487192951
2015.0,1.9091656089184401
2015.0,3.58970021158216
2015.0,1.8849837055977903
2015.0,3.4490368856459304
2015.0,3.07208384490334
2015.0,1.7675467875105102
2015.0,1.6204749944642698
2015.0,1.96254678751051
2015.0,0.381793798115894
2015.0,2.7817937981158902
2015.0,3.53876086691549
2015.0,0.11315091281460699
2015.0,-0.13654588227985098
2015.0,-6.47095606204145
2015.0,3.7037716749475402
2015.0,0.303938023678847
2015.0,-5.5057621130407695
2015.0,-2.63647635437729
2015.0,-2.7331063534184996
2015.0,0.21316998079343402
2015.0,5.28587261952783
2015.0,-5.651518651397249
2015.0,-5.39178609542899
2015.0,1.4182594545646598
2015.0,4.37039588276825
2015.0,0.349714099684054
2015.0,4.9589984078629605
2015.0,2.7162336778106897
2015.0,2.12623367781069
2015.0,1.67773552739173
2015.0,-6.058306638909039
2015.0,-3.62080844804656
2015.0,-4.47080844804656
2015.0,-2.641786095429
2015.0,3.4293375150020804
2015.0,3.03854048862552
2015.0,3.98854048862552
2015.0,5.05284721349245
2015.0,3.0328472134924502
2015.0,0.502486140866713
2015.0,3.89748614086671
2015.0,3.28672786611554
2015.0,3.4286726099807696
2015.0,1.60759295225189
2015.0,1.09955658782828
2015.0,1.7098101577098301
2015.0,0.280838432530589
2015.0,1.60581012091065
2015.0,-0.5516441004913659
2015.0,-2.39164410049137
2015.0,-1.27506649466238
2015.0,-3.73109170911409
2015.0,-1.7610917091140903
2015.0,-1.37530481923554
2015.0,-2.6638121916103903
2015.0,-1.1210073014923
2015.0,-1.7795912964543
2015.0,-4.401421623715691
2015.0,-11.7551006053627
2015.0,-3.0183455439153097
2015.0,-0.30282591510449397
2015.0,0.6430635355724329
2015.0,-0.5769364644275671
2015.0,3.7493375150020802
2015.0,-2.39751385913329
2015.0,0.920061199448876
2015.0,0.9075929522518921
2015.0,3.00052344419716
2015.0,-2.08855903178044
2015.0,-3.25617336322407
2015.0,-0.9277583757807549
2015.0,-6.1210073014923
2015.0,-2.75639877685986
2015.0,1.8204087035457
2015.0,-8.939322319105731
2015.0,8.9795682737615
2015.0,-7.166585379829
2015.0,0.0303169038268414
2015.0,5.36467318056701
2015.0,1.73867687342574
2015.0,3.3175200906700497
2015.0,1.56859514112508
2015.0,0.6749105231066851
2015.0,0.66180817347887
2015.0,4.071041166356411
2015.0,0.16006615618949
2015.0,-0.5189293737619871
2015.0,0.7387733729086942
2015.0,-2.5830745284022503
2015.0,-3.01036369111188
2015.0,-1.4781306844283602
2015.0,-3.91813068442836
2015.0,-0.487595070514631
2015.0,2.3015962348733
2015.0,1.4615962348733003
2015.0,-7.68717387431311
2015.0,-3.30266889024499
2015.0,-2.113369472178
2015.0,-0.309152225334833
2015.0,-4.0963497628398295
2015.0,-2.1036970471006198
2015.0,1.7854006002202902
2015.0,1.98269354218304
2015.0,2.23357653301815
2015.0,3.74747988546928
2015.0,2.2578264940414
2015.0,2.42270827332948
2015.0,3.77411213894704
2015.0,-1.90993384381051
2015.0,-1.7739374980817602
2015.0,-0.6689293737619871
2015.0,-0.12528660951844
2015.0,1.18926602870202
2015.0,-2.85927703241475
2015.0,-1.80782009353152
2015.0,-0.629610316095728
2015.0,-5.6830745284022495
2015.0,1.61186931557164
2015.0,-1.7246294936385802
2015.0,-1.9325950705146298
2015.0,1.3539892882603002
2015.0,-3.94831110805713
2015.0,-18.998311108057102
2015.0,-2.23478920284195
2015.0,-4.7813589238988605
2015.0,-2.5172569699420495
2015.0,0.202743030057945
2015.0,2.42278948816996
2015.0,-2.40559269569069
2015.0,1.04626489398129
2015.0,1.6162648939812903
2015.0,0.771565181571355
2015.0,-3.22899923338251
2015.0,3.91129901994002
2015.0,2.63677059708031
2015.0,4.69177059708031
2015.0,2.9147547923996497
2015.0,3.4468558492063703
2015.0,2.4468558492063703
2015.0,2.56781529071703
2015.0,-1.1440896157826599
2015.0,-4.8610107117397
2015.0,-4.48077523578658
2015.0,-6.307588201155321
2015.0,-8.64758820115532
2015.0,-2.3869095154389
2015.0,-0.390959046077416
2015.0,-3.69070810182171
2015.0,-4.51921057715787
2015.0,1.7195327228735102
2015.0,2.44155064907522
2015.0,-2.10554440529141
2015.0,1.1901848850666799
2015.0,2.13310308084127
2015.0,0.7984805865813321
2015.0,1.3677488971396001
2015.0,3.56678844204929
2015.0,2.60350018258817
2015.0,3.7935001825881702
2015.0,6.048060356367531
2015.0,7.385233339058829
2015.0,-4.840115986480599
2015.0,-6.6501159864806
2015.0,-6.52851440603796
2015.0,-7.23351440603796
2015.0,-3.84207725447891
2015.0,-5.88460249749355
2015.0,-0.18460249749354898
2015.0,7.32953272287351
2015.0,-0.905467277126489
2015.0,-3.03701166255567
2015.0,0.5429883374443321
2015.0,-0.141163473394254
2015.0,-1.47116347339425
2015.0,-1.4155444052914097
2015.0,1.06049242021181
2015.0,2.65398529344043
2015.0,1.39000245578655
2015.0,-1.3901571606497698
2015.0,4.9680603563675305
2015.0,-10.7101159864806
2015.0,-5.7957646587688
2015.0,6.39377167494755
2015.0,2.93345411772015
2015.0,3.26845411772015
2015.0,2.62101766989956
2015.0,1.1947737671054601
2015.0,1.01477376710546
2015.0,-7.345864023460329
2015.0,3.51770596464958
2015.0,-0.15029855289885002
2015.0,-3.4152858215809
2015.0,-11.1288923219189
2015.0,-4.981556358402781
2015.0,-4.77283657260747
2015.0,-2.02438363778585
2015.0,-1.9185266288566003
2015.0,0.885828501145785
2015.0,0.7600992900543779
2015.0,-0.54443606854332
2015.0,0.196287131450565
2015.0,0.7396204647838991
2015.0,0.81764011883765
2015.0,-2.6890233788999103
2015.0,2.01759520092877
2015.0,0.854244849896141
2015.0,-0.8263779384524259
2015.0,-3.9157754813237
2015.0,1.99448375094008
2015.0,-1.6880377019905901
2015.0,2.7227340309724997
2015.0,2.1736754679712798
2015.0,0.20648604767559
2015.0,2.1564860476755903
2015.0,-0.819522986631302
2015.0,3.5577921066612594
2015.0,2.93261787959498
2015.0,1.87367546797128
2015.0,-0.486764540501789
2015.0,0.397352848832929
2015.0,2.56244233197013
2015.0,1.1797014471011498
2015.0,2.15707308755346
2015.0,0.639888920905067
2015.0,4.269888920905069
2015.0,1.8728389501100702
2015.0,-6.99646904999377
2015.0,-6.271285075412901
2015.0,-7.11915024535063
2015.0,-5.8219565515552105
2015.0,-2.49312739327972
2015.0,2.94507670608048
2015.0,3.1898644806566
2015.0,-1.87051334030429
2015.0,-2.95091591877689
2015.0,-1.97448376508688
2015.0,3.9398644806566
2015.0,-0.507624799373145
2015.0,0.7838898850192851
2015.0,3.71064983408467
2015.0,0.9545161397923991
2015.0,-0.627973444971511
2015.0,0.8620265550284891
2015.0,2.41087663905967
2015.0,-1.6996374302001203
2015.0,1.4952342530958798
2015.0,6.14945745267006
2015.0,2.6301525112921897
2015.0,0.695514157585119
2015.0,2.56454058561998
2015.0,2.4707780985771604
2015.0,2.9299281581339502
2015.0,0.8316348709016509
2015.0,0.3642755684895179
2015.0,0.224787179610347
2015.0,-1.1039344075663602
2015.0,-1.06571361185289
2015.0,-1.74767242925903
2015.0,-0.878188554949828
2015.0,-2.10890990925204
2015.0,-3.49135128259535
2015.0,0.534406194253507
2015.0,5.038356225125
2015.0,1.69990937074202
2015.0,8.757827822257099
2015.0,-2.51231968058027
2015.0,-3.09365659593944
2015.0,4.8540766458717
2015.0,0.896669334688684
2015.0,2.9447663453933703
2015.0,0.0989246622473987
2015.0,-1.8528462358763302
2015.0,1.6773221386803001
2015.0,-1.30785718312248
2015.0,4.39419070098384
2015.0,1.8550563587671598
2015.0,-1.90070117191309
2015.0,-3.4418547914717994
2015.0,2.28207330619133
2015.0,-1.31231545576241
2015.0,3.08209709475264
2015.0,0.335361782669838
2015.0,1.16817387094467
2015.0,-1.23921097334071
2015.0,1.60536178266984
2015.0,-3.2646382173301602
2015.0,3.8927067674767
2015.0,4.45817387094466
2015.0,1.131960653009
2015.0,-1.18161607344805
2015.0,0.0752403909775489
2015.0,-1.75661269748229
2015.0,-0.78216156459596
2015.0,-1.29308058650381
2015.0,-3.20554282040098
2015.0,-3.8355428204009803
2015.0,0.9268831078397339
2015.0,-2.8631168921602703
2015.0,-4.3922861236973105
2015.0,-2.51091591877689
2015.0,-0.7558525193221709
2015.0,2.32114216473283
2015.0,0.5293240480351049
2015.0,1.04598122643948
2015.0,-0.702428880843778
2015.0,1.1623082346662
2015.0,-0.5073159818222001
2015.0,5.273107128953
2015.0,-6.838954401589239
2015.0,-0.601030349929025
2015.0,5.5667172164166905
2015.0,2.80834381784249
2015.0,3.0381587600774997
2015.0,0.473195755721565
2015.0,2.69476640130042
2015.0,-2.03644109302907
2015.0,2.77189059080736
2015.0,3.29612748588513
2015.0,-0.959543266051524
2015.0,-0.8758239443875929
2015.0,-1.88075482912301
2015.0,1.8557032508208897
2015.0,-0.0791929298129992
2015.0,1.8125208673170399
2015.0,-0.7395940146258779
2015.0,-0.300610733371592
2015.0,0.10089400988465899
2015.0,-1.7222633008044899
2015.0,-0.40030833570539004
2015.0,-2.30482540358937
2015.0,0.85250339508529
2015.0,-0.115583320627694
2015.0,-4.446061530874929
2015.0,-0.446121291984085
2015.0,0.132694987884401
2015.0,-0.590784714423536
2015.0,-0.7658771551684991
2015.0,4.200902975510879
2015.0,0.10407342554733601
2015.0,-1.16471885560742
2015.0,-0.177305012115599
2015.0,-0.257865378299532
2015.0,2.38497782252826
2015.0,-0.418040334400502
2015.0,2.69328645341804
2015.0,2.7229531170889105
2015.0,-0.22848221673436198
2015.0,-0.164941836299713
2015.0,-0.381071168337103
2015.0,4.48240286660969
2015.0,-0.498466194763443
2015.0,0.840360863348281
2015.0,1.6389278075810598
2015.0,1.80239167780298
2015.0,-1.2730770895096202
2015.0,0.912058688740735
2015.0,-1.16177169713848
2015.0,0.187911603767272
2015.0,-0.5844471714270539
2015.0,-1.8811699178007701
2015.0,6.109490729570191
2015.0,1.5551572651013201
2015.0,0.315188518228204
2015.0,0.72448224056594
2015.0,0.0607750119530765
2015.0,-0.150983541620699
2015.0,1.5760718713239399
2015.0,-2.38447563158492
2015.0,3.54536680309924
2015.0,-2.2918944901810296
2015.0,-2.87320805891781
2015.0,-0.33966182342482204
2015.0,3.6322958027218397
2015.0,-0.7568406207169509
2015.0,-4.545833793228621
2015.0,1.46446782254318
2015.0,0.362475571085509
2015.0,0.220612097967912
2015.0,0.47255908308541705
2015.0,-1.88047076489874
2015.0,0.4109432479703621
2015.0,-1.91523971419296
2015.0,-3.8689598970266403
2015.0,-2.0693113260214298
2015.0,2.5139568306544
2015.0,-2.31597139700831
2015.0,0.0421653442186865
2015.0,-2.23895989702664
2015.0,3.64009945557487
2015.0,-0.753122886004621
2015.0,-1.8822152334491598
2015.0,1.6237456830185
2015.0,4.3224847177924
2015.0,-0.0860471258419443
2015.0,-0.24910751624135896
2015.0,0.30453311176153397
2015.0,-0.30754224617523
2015.0,-1.43276816164565
2015.0,-2.7922176279052002
2015.0,0.5867021066969821
2015.0,2.05716191759754
2015.0,1.76314815709196
2015.0,3.62260516374632
2015.0,1.3693280789374298
2015.0,-1.50747833252316
2015.0,-1.9636102662412398
2015.0,-0.119453500922137
2015.0,0.106468990080075
2015.0,0.314633187017125
2015.0,-2.3718944901810297
2015.0,-0.887544766607412
2015.0,4.52340456021643
2015.0,-1.0953412822742
2015.0,0.504066615378415
2015.0,2.8849501064877403
2015.0,2.6843831013609902
2015.0,4.87438310136098
2015.0,2.0448315736386102
2015.0,1.80334756269974
2015.0,4.25016263109968
2015.0,1.1322990119545
2015.0,6.184831573638611
2015.0,0.7797579186489101
2015.0,5.61258207171313
2015.0,10.3494801061693
2015.0,0.40366426414729206
2015.0,-0.39677204750892103
2015.0,3.2525393279641897
2015.0,3.80556611251579
2015.0,1.9881496202473
2015.0,3.3342294684668397
2015.0,-1.25363286280666
2015.0,1.13661342020145
2015.0,2.34998893956087
2015.0,0.556613420201452
2015.0,3.7863057841567795
2015.0,-1.6236942158432202
2015.0,4.45157881687083
2015.0,-1.46888114571657
2015.0,2.14536977236265
2015.0,5.51351162575613
2015.0,0.408306568312071
2015.0,1.62157901395669
2015.0,0.12358972741632199
2015.0,1.2766508670852799
2015.0,2.61159668835027
2015.0,5.46157881687083
2015.0,2.67569797154952
2015.0,3.7435345608623396
2015.0,-1.3930214819666102
2015.0,2.26608316286954
2015.0,-4.7025004730721705
2015.0,-2.05591310241658
2015.0,3.95111885428343
2015.0,-1.03888114571657
2015.0,1.1225480843788602
2015.0,4.40469751211529
2015.0,1.2817576577716598
2015.0,3.65000530177634
2015.0,1.45677334330079
2015.0,0.125355423135236
2015.0,0.376773343300794
2015.0,0.576583914335497
2015.0,3.3482544093963598
2015.0,5.027662329625669
2015.0,0.735384799280729
2015.0,0.122537403080083
2015.0,2.7776623296256697
2015.0,2.82284096635338
2015.0,0.67149624848081
2015.0,5.315742723588889
2015.0,1.02816438050306
2015.0,1.9950224164898998
2015.0,5.18888633581925
2015.0,3.13477916476779
2015.0,1.9399889395608703
2015.0,0.115811310921105
2015.0,-0.935599793183285
2015.0,-0.103650633257032
2015.0,4.68375216017341
2015.0,1.1640252015641999
2015.0,-6.82344470551131
2015.0,4.21825970642829
2015.0,1.65951314392192
2015.0,0.348787291715546
2015.0,-0.9257198584495508
2015.0,0.588787291715546
2015.0,0.633056932585231
2015.0,1.62560642759407
2015.0,-2.18396113310338
2015.0,0.0234721390139662
2015.0,5.12141739676154
2015.0,-0.346224335726069
2015.0,-1.02896113310338
2015.0,1.48233293655944
2015.0,0.7737417151447371
2015.0,2.59316432745758
2015.0,0.37709962102530303
2015.0,-1.07371406235115
2015.0,6.91979505773723
2015.0,2.00467925164142
2015.0,-1.38160359768336
2015.0,1.51508879945444
2015.0,4.16303347869543
2015.0,-2.90357149753045
2015.0,1.69064659287651
2015.0,0.9534567748531642
2015.0,-1.6065432251468401
2015.0,4.76980580320592
2015.0,-0.138133943997415
2015.0,-1.37070086721068
2015.0,0.802748444421621
2015.0,1.72888426812677
2015.0,0.682086739387105
2015.0,1.5102981693914102
2015.0,1.93727579414003
2015.0,-1.9462801636181999
2015.0,2.63159039674855
2015.0,0.828536070185923
2015.0,1.91083587098469
2015.0,0.854786229410221
2015.0,2.67083587098469
2015.0,-0.760643505819155
2015.0,0.527119959087224
2015.0,3.43444861020333
2015.0,3.8903764515179597
2015.0,0.174147116119297
2015.0,0.0623670793363997
2015.0,3.4875934906642403
2015.0,0.42414711611929706
2015.0,-1.1418313871133101
2015.0,0.6781686128866852
2015.0,0.5923670793364
2015.0,-1.04392987386172
2015.0,1.11523331874652
2015.0,2.48684972455143
2015.0,1.6365584271456497
2015.0,-2.86589707288639
2015.0,3.01523331874652
2015.0,3.2334559223396897
2015.0,-0.333880750818985
2015.0,-3.6619908311169906
2015.0,-2.29099876292216
2015.0,-0.54981013914289
2015.0,-0.17981013914289
2015.0,1.45595617683316
2015.0,0.767774964474889
2015.0,-0.444754644260402
2015.0,1.1923343327823601
2015.0,-0.500290629073594
2015.0,-1.02690226624764
2015.0,-1.28199083111699
2015.0,0.34752955051463597
2015.0,1.36364726400868
2015.0,-0.219155249112865
2015.0,-0.350833141963045
2015.0,0.630217257013787
2015.0,-0.6713338919503039
2015.0,1.43860445403002
2015.0,-0.351395545969979
2015.0,-0.273226846633923
2015.0,1.1230363726860602
2015.0,-1.3242253918114
2015.0,0.562133759800301
2015.0,0.0500734547134191
2015.0,1.1418987672166299
2015.0,1.0301155451247201
2015.0,0.941964204141731
2015.0,-2.86439199865645
2015.0,1.31222376523787
2015.0,0.145607170568396
2015.0,1.70507281782065
2015.0,2.4761745119752003
2015.0,-2.2798359607612597
2015.0,-0.0189303069673708
2015.0,-1.19309772839658
2015.0,-0.133696850453453
2015.0,0.665607170568396
2015.0,1.19430735753668
2015.0,1.6868307059054
2015.0,0.7468307059054029
2015.0,-0.0203696559591014
2015.0,-1.18527675277953
2015.0,-2.4849228148961
2015.0,0.404933176601552
2015.0,1.51503119455495
2015.0,1.21407276741951
2015.0,-0.0643096320690717
2015.0,0.8859149647943521
2015.0,-1.81592723258049
2015.0,0.570690367930928
2015.0,-2.70957129686747
2015.0,-0.117829666414981
2015.0,1.12583593755574
2015.0,-0.009571296867464621
2015.0,-1.6152732897839701
2015.0,-1.83782966641498
2015.0,-1.08589096642942
2015.0,3.5899786782738
2015.0,1.67780748735762
2015.0,5.16262431866044
2015.0,3.0637446395170898
2015.0,1.33106969303263
2015.0,0.552815422960159
2015.0,4.02081406896349
2015.0,1.8208140689634902
2015.0,-0.262358779311034
2015.0,0.9029002550859649
2015.0,7.39250048185833
2015.0,5.879347557550321
2015.0,-1.0515255498556402
2015.0,1.70436201175762
2015.0,2.39295747835132
2015.0,0.723978000887568
2015.0,0.003978000887567511
2015.0,0.9324077778780929
2015.0,-2.6784132483041097
2015.0,2.4475003903331203
2015.0,0.623322641356832
2015.0,1.5225909862468001
2015.0,3.4453573468125898
2015.0,2.8194517912570296
2015.0,3.0009519976846897
2015.0,2.82322095265171
2015.0,-3.6738934055376298
2015.0,-2.50998553716948
2015.0,-2.6584774983804
2015.0,-2.2579441650470597
2015.0,-4.5760953475083
2015.0,-4.57896805920793
2015.0,-1.52934326324076
2015.0,1.02738907846086
2015.0,-3.7337425620076297
2015.0,-5.899074001405361
2015.0,-0.8536039399613621
2016.0,-2.66010724924621
2016.0,2.8179817372477998
2016.0,2.92211937992008
2016.0,-1.10742707188378
2016.0,1.56476228512016
2016.0,-4.48558922673949
2016.0,-3.10070075254989
2016.0,0.740763409488423
2016.0,1.43843578765618
2016.0,1.7806877183666798
2016.0,1.58901875616619
2016.0,1.3326014214152901
2016.0,2.5388174574648903
2017.0,2.2873594753975
2017.0,-1.11175815776676
2017.0,-5.195129663995901
2017.0,-3.93763572785079
2017.0,0.0530439901259203
